Store,Week,Date,Forecast,Lower_95,Upper_95
1,1,2012-11-02,1761523.09,1623642.0252084453,1899404.1480394443
1,2,2012-11-09,1659254.25,1521298.5215238386,1797209.9706927182
1,3,2012-11-16,1604526.47,1466215.3575752045,1742837.5744539972
1,4,2012-11-23,2097905.1,1959254.808468687,2236555.3950654534
1,5,2012-11-30,1649415.56,1510426.30478298,1788404.821163706
1,6,2012-12-07,1863719.36,1724391.9844697812,2003046.7324701915
1,7,2012-12-14,1947139.37,1807474.6982780565,2086804.042771033
1,8,2012-12-21,2337711.13,2197709.969846724,2477712.285486438
1,9,2012-12-28,1561371.24,1421034.404301403,1701708.0775153276
1,10,2013-01-04,1614640.72,1473969.0073585466,1755312.4361222473
1,11,2013-01-11,1524461.39,1383455.5964225724,1665467.1901260016
1,12,2013-01-18,1459293.77,1317954.680356705,1600632.85966918
2,1,2012-11-02,2044026.52,1873732.8631824024,2214320.1848041094
2,2,2012-11-09,2007332.1,1836171.1257205768,2178493.076373188
2,3,2012-11-16,1993890.36,1822276.4671765992,2165504.247570333
2,4,2012-11-23,2699772.42,2527717.415856511,2871827.4298110656
2,5,2012-11-30,2046231.57,1873736.895599544,2218726.234775221
2,6,2012-12-07,2381608.1,2208674.892207477,2554541.300993747
2,7,2012-12-14,2529496.5,2356125.8706296408,2702867.1300520035
2,8,2012-12-21,3318399.33,3144592.379788694,3492206.2882426586
2,9,2012-12-28,1952042.9,1777800.7140535566,2126285.086506177
2,10,2013-01-04,1884058.05,1709381.719672365,2058734.3874388395
2,11,2013-01-11,1832717.69,1657608.287609842,2007827.098151431
2,12,2013-01-18,1803006.77,1627465.3661504632,1978548.182876533
3,1,2012-11-02,489132.5,443304.5002497424,534960.5072442008
3,2,2012-11-09,441709.41,395409.2049246938,488009.61359888094
3,3,2012-11-16,432386.11,385935.94953837385,478836.26072331937
3,4,2012-11-23,591274.81,544691.4770936101,637858.1432057106
3,5,2012-11-30,508198.68,461483.7000875411,554913.6625420875
3,6,2012-12-07,503845.53,456999.3535718514,550691.7069435872
3,7,2012-12-14,543283.79,496306.788728418,590260.7901179326
3,8,2012-12-21,591484.24,544376.7802214562,638591.7045542141
3,9,2012-12-28,443295.5,396057.93426538847,490533.063684924
3,10,2013-01-04,432141.34,384774.0264475568,479508.6494792402
3,11,2013-01-11,406379.24,358882.5368578871,453875.9482877126
3,12,2013-01-18,400970.47,353344.72239653085,448596.2232049731
4,1,2012-11-02,2233655.87,2065101.5964751728,2402210.150106662
4,2,2012-11-09,2186557.02,2013904.2391141064,2359209.8020289047
4,3,2012-11-16,2233891.26,2047073.9676613729,2420708.554568786
4,4,2012-11-23,2861013.2,2663998.421855029,3058027.981777863
4,5,2012-11-30,2197009.58,1989599.3042127767,2404419.84832341
4,6,2012-12-07,2443852.62,2226718.7507129293,2660986.48023713
4,7,2012-12-14,2707578.89,2481095.233745476,2934062.552713655
4,8,2012-12-21,3444660.48,3209208.808627956,3680112.159112506
4,9,2012-12-28,2018028.29,1773935.1720786826,2262121.416160342
4,10,2013-01-04,2058782.29,1806344.03958566,2311220.546962741
4,11,2013-01-11,1995053.86,1734537.4916619866,2255570.235185952
4,12,2013-01-18,2038501.17,1770149.791143374,2306852.5584724587
5,1,2012-11-02,367793.66,334737.0191976664,400850.2936516584
5,2,2012-11-09,332560.76,298247.7367902451,366873.78134819673
5,3,2012-11-16,328844.65,293815.56236994726,363873.7398069183
5,4,2012-11-23,514549.37,478856.39780211856,550242.3432050175
5,5,2012-11-30,388872.6,352531.17612484586,425214.0236839658
5,6,2012-12-07,383820.96,346842.75188727723,420799.1714003412
5,7,2012-12-14,395645.64,358041.4522995952,433249.8237814228
5,8,2012-12-21,473215.96,434996.058117712,511435.87130636687
5,9,2012-12-28,359914.62,321088.7596803632,398740.48493244994
5,10,2013-01-04,329410.73,289988.22421893524,368833.23333581
5,11,2013-01-11,308956.86,268946.6157075507,348967.1142435672
5,12,2013-01-18,308598.44,268008.9586589775,349187.92537184735
6,1,2012-11-02,1581662.18,1420096.8610526295,1743227.494142122
6,2,2012-11-09,1593719.19,1431939.020046727,1755499.3510684206
6,3,2012-11-16,1582396.03,1420327.249619626,1744464.8146040598
6,4,2012-11-23,2307992.92,2145636.724092496,2470349.1166786538
6,5,2012-11-30,1746430.63,1583787.524254487,1909073.7406218173
6,6,2012-12-07,1960499.97,1797570.4530699132,2123429.4826392783
6,7,2012-12-14,2093408.6,1930193.1818304253,2256624.0194476643
6,8,2012-12-21,2703596.15,2540095.323318784,2867096.969102005
6,9,2012-12-28,1654393.89,1490608.1599899065,1818179.6192844785
6,10,2013-01-04,1452851.58,1288781.43796918,1616921.721302349
6,11,2013-01-11,1401852.86,1237498.7984924945,1566206.9215285631
6,12,2013-01-18,1383516.14,1218878.6460414692,1548153.629537519
7,1,2012-11-02,533118.2,467557.821539971,598678.5849667129
7,2,2012-11-09,532250.32,461720.7410727034,602779.8950682621
7,3,2012-11-16,515645.02,439767.8182703713,591522.2124976405
7,4,2012-11-23,879046.63,798208.7506203192,959884.513610872
7,5,2012-11-30,567160.46,481647.5820631537,652673.3353625351
7,6,2012-12-07,620844.46,530899.3223903378,710789.5924468167
7,7,2012-12-14,692056.7,597887.6824777084,786225.7109097834
7,8,2012-12-21,1000936.85,902725.4460128228,1099148.24636325
7,9,2012-12-28,762753.47,660659.6150963426,864847.3229577126
7,10,2013-01-04,675580.02,569746.0442721405,781414.000235997
7,11,2013-01-11,567384.73,457938.3606843458,676831.0903949108
7,12,2013-01-18,550735.92,437792.6494411608,663679.1932128136
8,1,2012-11-02,985789.82,911573.5211494924,1060006.1109369113
8,2,2012-11-09,954783.84,880517.07457856,1029050.6133834556
8,3,2012-11-16,934554.7,860043.7483596893,1009065.6477080748
8,4,2012-11-23,1273634.94,1198892.6603612285,1348377.2151031976
8,5,2012-11-30,1022921.64,947948.1998116048,1097895.0753368917
8,6,2012-12-07,1090369.36,1015165.5021810852,1165573.2272827928
8,7,2012-12-14,1160263.29,1084829.7013353987,1235696.8706132106
8,8,2012-12-21,1501229.55,1425566.939770363,1576892.1582281897
8,9,2012-12-28,892868.16,816977.220983776,968759.1063694144
8,10,2013-01-04,910202.7,834084.108007934,986321.2905077796
8,11,2013-01-11,855461.1,779115.534698868,931806.6567581574
8,12,2013-01-18,852498.38,775926.5242673598,929070.2404087256
9,1,2012-11-02,610313.82,561188.018816637,659439.6134532538
9,2,2012-11-09,610068.49,558142.3476552912,661994.6275858197
9,3,2012-11-16,560613.1,507757.7819992416,613468.4083263231
9,4,2012-11-23,831671.11,778157.2170946607,885185.0084255142
9,5,2012-11-30,630863.38,576747.7877141422,684978.9740772938
9,6,2012-12-07,648948.12,594247.6168176231,703648.6324825727
9,7,2012-12-14,723731.32,668454.2424546683,779008.4008203307
9,8,2012-12-21,922697.89,866850.6548875816,978545.1342966618
9,9,2012-12-28,565469.2,509057.6642640815,621880.7444632519
9,10,2013-01-04,537734.96,480764.7342951056,594705.1951829537
9,11,2013-01-11,493646.94,436123.4462131867,551170.4269939662
9,12,2013-01-18,498434.6,440363.1227183147,556506.0799238384
10,1,2012-11-02,1902412.69,1685918.6204137595,2118906.75396382
10,2,2012-11-09,2071196.75,1851687.5209123,2290705.969792007
10,3,2012-11-16,1877292.78,1656833.3252843767,2097752.238935473
10,4,2012-11-23,2951082.9,2729801.0652844696,3172364.732683213
10,5,2012-11-30,2080847.24,1858756.478347201,2302937.993325047
10,6,2012-12-07,2431235.4,2208339.556044971,2654131.2341032955
10,7,2012-12-14,2570082.34,2346384.391593271,2793780.279433328
10,8,2012-12-21,3500751.03,3276253.857910372,3725248.210071276
10,9,2012-12-28,1923833.66,1698540.089282527,2149127.2340410715
10,10,2013-01-04,1689696.89,1463609.7273135532,1915784.0539856225
10,11,2013-01-11,1716223.54,1489345.5629959125,1943101.5198725667
10,12,2013-01-18,1680452.23,1452786.1877150272,1908118.2809513311
11,1,2012-11-02,1380116.61,1231026.5198922246,1529206.7059400626
11,2,2012-11-09,1313834.37,1152373.5987036554,1475295.1336881735
11,3,2012-11-16,1285505.02,1113585.743442663,1457424.295728942
11,4,2012-11-23,1720705.55,1538960.5686929584,1902450.5244756176
11,5,2012-11-30,1357739.59,1166674.5606367125,1548804.612530254
11,6,2012-12-07,1551882.08,1351930.990694099,1751833.1690632456
11,7,2012-12-14,1701913.31,1493454.6066899286,1910372.015964298
11,8,2012-12-21,2073121.97,1856489.4999237093,2289754.430384939
11,9,2012-12-28,1279282.17,1054773.3337606431,1503791.0102106922
11,10,2013-01-04,1239446.97,1007328.8727576511,1471565.070779575
11,11,2013-01-11,1231477.09,991991.3751670409,1470962.7953356386
11,12,2013-01-18,1194949.33,948315.99788806,1441582.6551028043
12,1,2012-11-02,1062582.25,964980.9784687286,1160183.5233626517
12,2,2012-11-09,1102433.98,1003760.7302748672,1201107.221081377
12,3,2012-11-16,982526.05,882123.6379802035,1082928.4676629533
12,4,2012-11-23,1606382.66,1504316.0140380184,1708449.3092287928
12,5,2012-11-30,1086899.63,983193.7540502216,1190605.5094101375
12,6,2012-12-07,1201281.04,1095961.5279066395,1306600.5592711486
12,7,2012-12-14,1308429.04,1201520.2308991773,1415337.840458779
12,8,2012-12-21,1639504.09,1531029.2745351866,1747978.896839694
12,9,2012-12-28,1115414.73,1005396.2056800252,1225433.2641186183
12,10,2013-01-04,959926.87,848385.9824338388,1071467.751196371
12,11,2013-01-11,878878.37,765835.6349713306,991921.1144304696
12,12,2013-01-18,869340.29,754815.3928352541,983865.196350781
13,1,2012-11-02,2114446.26,1914032.664895484,2314859.8590988284
13,2,2012-11-09,2189365.01,1987621.5393814808,2391108.478503082
13,3,2012-11-16,2094045.3,1891692.384725028,2296398.223310606
13,4,2012-11-23,2941894.7,2738958.019466105,3144831.3814916043
13,5,2012-11-30,2128981.31,1925463.5261449604,2332499.088679886
13,6,2012-12-07,2540459.68,2336362.495705684,2744556.8672828176
13,7,2012-12-14,2838021.58,2633346.632272222,3042696.5290388474
13,8,2012-12-21,3634428.18,3429177.0935856653,3839679.262715215
13,9,2012-12-28,2046869.59,1841043.9805012643,2252695.196620348
13,10,2013-01-04,1943487.62,1737089.08820319,2149886.152878277
13,11,2013-01-11,1872693.63,1665723.7606776138,2079663.5020366767
13,12,2013-01-18,1889305.06,1681765.4276241912,2096844.6999908665
14,1,2012-11-02,1757440.84,1439789.888577342,2075091.7846738407
14,2,2012-11-09,1719620.36,1362940.0416512552,2076300.677651636
14,3,2012-11-16,1638653.16,1245938.5596734837,2031367.75604125
14,4,2012-11-23,2195959.5,1770260.8355954124,2621658.1655436023
14,5,2012-11-30,1788420.98,1332116.1716058291,2244725.78528496
14,6,2012-12-07,2020085.24,1535101.944043573,2505068.5381687665
14,7,2012-12-14,2115832.09,1603773.963253214,2627890.206920903
14,8,2012-12-21,2724858.61,2187087.054903485,3262630.15834717
14,9,2012-12-28,1528573.13,966262.7503323336,2090883.5104934028
14,10,2013-01-04,1563480.82,977658.5930145744,2149303.053166474
14,11,2013-01-11,1449343.01,840916.8426671852,2057769.1869652616
14,12,2013-01-18,1501925.0,871705.0961366632,2132144.9061405645
15,1,2012-11-02,575068.78,482330.4152061308,667807.1473141192
15,2,2012-11-09,577683.6,479982.7527737451,675384.4409002234
15,3,2012-11-16,566591.19,459298.5933414234,673883.7840240216
15,4,2012-11-23,880681.67,765693.6626166545,995669.671072376
15,5,2012-11-30,643065.6,520642.751599031,765488.4401813579
15,6,2012-12-07,692215.46,562830.6857429274,821600.230057679
15,7,2012-12-14,768253.53,632253.0676949256,904253.9840985916
15,8,2012-12-21,987934.58,845627.6863729724,1130241.4660717023
15,9,2012-12-28,553284.93,404939.0369351889,701630.8244487619
15,10,2013-01-04,509323.22,355174.8220772977,663471.6246601312
15,11,2013-01-11,476739.5,316999.2095114066,636479.7952122204
15,12,2013-01-18,494210.2,329067.25848466373,659353.1428793957
16,1,2012-11-02,508812.06,452416.4126852177,565207.6978502738
16,2,2012-11-09,492375.22,435880.08552768535,548870.3475788381
16,3,2012-11-16,484878.1,422024.3037421876,547731.8900350473
16,4,2012-11-23,653642.34,588656.2327222729,718628.4447552515
16,5,2012-11-30,523144.87,454680.28668236063,591609.4500904722
16,6,2012-12-07,560592.78,489473.7965264834,631711.7571680181
16,7,2012-12-14,636894.18,562935.7390506802,710852.6214927494
16,8,2012-12-21,870991.36,794423.6024386745,947559.1107862864
16,9,2012-12-28,611163.97,532018.0295530771,690309.9077382284
16,10,2013-01-04,556034.91,474416.5124860306,637653.3109755274
16,11,2013-01-11,500083.33,416054.42554669455,584112.2421613096
16,12,2013-01-18,479676.7,393309.3105621662,566044.0804639576
17,1,2012-11-02,989617.18,893214.4791883838,1086019.8848534676
17,2,2012-11-09,961461.08,864134.2202611554,1058787.9483369289
17,3,2012-11-16,928341.93,828938.3734298625,1027745.4947723774
17,4,2012-11-23,1269209.67,1169311.0280940183,1369108.307222479
17,5,2012-11-30,997671.1,896919.9682389952,1098422.2345577842
17,6,2012-12-07,1028904.91,927427.8522662472,1130381.9734257346
17,7,2012-12-14,1119857.57,1017624.400781536,1222090.7340352435
17,8,2012-12-21,1342384.97,1239412.0717893448,1445357.8715145583
17,9,2012-12-28,824949.51,721238.872874077,928660.1459041588
17,10,2013-01-04,1246169.76,1141727.5991420578,1350611.9290974229
17,11,2013-01-11,922184.85,817015.9369297602,1027353.7533519207
17,12,2013-01-18,860408.63,754518.0541524574,966299.1976091156
18,1,2012-11-02,1105994.8,894476.3281408757,1317513.2684445493
18,2,2012-11-09,1105618.47,873274.8442450566,1337962.085876028
18,3,2012-11-16,1093335.52,832520.3780994532,1354150.65819517
18,4,2012-11-23,1324329.63,1039622.6373233392,1609036.6163805546
18,5,2012-11-30,1151163.34,844106.5928594929,1458220.0847479885
18,6,2012-12-07,1226614.57,898784.9374524711,1554444.2016265595
18,7,2012-12-14,1289305.22,941932.3352047371,1636678.1083485112
18,8,2012-12-21,1446126.46,1080254.6536842238,1811998.258324059
18,9,2012-12-28,1055975.16,672495.432538418,1439454.8854312715
18,10,2013-01-04,1056459.15,656145.3081319215,1456772.9940608153
18,11,2013-01-11,1010024.49,593556.4217871147,1426492.5665916433
18,12,2013-01-18,1040174.97,608156.2934073303,1472193.6440310809
19,1,2012-11-02,1462274.01,1289904.0960380898,1634643.924571581
19,2,2012-11-09,1483128.87,1310541.6294801435,1655716.1118637472
19,3,2012-11-16,1392532.81,1219449.338770154,1565616.2837607511
19,4,2012-11-23,1956142.63,1782573.3806777562,2129711.873654804
19,5,2012-11-30,1468548.19,1294494.2858214567,1642602.101835573
19,6,2012-12-07,1696639.92,1522102.7057927744,1871177.140046446
19,7,2012-12-14,1834507.8,1659488.610452956,2009526.994033212
19,8,2012-12-21,2464897.3,2289397.4573681466,2640397.142986696
19,9,2012-12-28,1384028.91,1208049.729861489,1560008.0919316704
19,10,2013-01-04,1247162.81,1070705.5962069614,1423620.030538935
19,11,2013-01-11,1163616.07,986682.1084949244,1340550.0320069145
19,12,2013-01-18,1218056.94,1040647.519442963,1395466.3698776555
20,1,2012-11-02,2322000.91,2014053.603521308,2629948.2202553973
20,2,2012-11-09,2314984.8,2002324.993983592,2627644.6054219203
20,3,2012-11-16,2217586.98,1903185.675136988,2531988.284103364
20,4,2012-11-23,2945759.68,2629803.8835838297,3261715.471522739
20,5,2012-11-30,2360153.83,2042665.3610191576,2677642.300125288
20,6,2012-12-07,2612719.31,2293706.6977504618,2931731.9244825062
20,7,2012-12-14,2815643.5,2495114.081971075,3136172.909045153
20,8,2012-12-21,3614486.35,3292447.285766721,3936525.409278918
20,9,2012-12-28,2077510.19,1753968.5204616657,2401051.851240554
20,10,2013-01-04,2009406.33,1684369.003492576,2334443.648964765
20,11,2013-01-11,1964250.89,1637724.75867702,2290777.017278663
20,12,2013-01-18,1938898.39,1610890.210001872,2266906.566754706
21,1,2012-11-02,680620.06,581206.9580908844,780033.1534596973
21,2,2012-11-09,680357.12,559651.1582780579,801063.0808048724
21,3,2012-11-16,677655.43,540923.5454248697,814387.3171211048
21,4,2012-11-23,969277.35,818455.0703625439,1120099.6313577602
21,5,2012-11-30,715405.04,551731.3995797489,879078.6806259124
21,6,2012-12-07,780646.66,605063.6685999052,956229.6589380308
21,7,2012-12-14,875943.74,689209.893185427,1062677.5795335409
21,8,2012-12-21,1109780.46,912525.18785478,1307035.7328942786
21,9,2012-12-28,683071.12,475827.8953458124,890314.3408643983
21,10,2013-01-04,612262.55,395491.0980620669,829034.0082420161
21,11,2013-01-11,613898.89,388000.7373073185,839797.0367065694
21,12,2013-01-18,624254.72,389584.5568575993,858924.8782631193
22,1,2012-11-02,1056960.11,905281.2544066508,1208638.9687946842
22,2,2012-11-09,1060130.46,906900.112070503,1213360.813236548
22,3,2012-11-16,1021552.97,848608.4540543483,1194497.4841341248
22,4,2012-11-23,1373275.47,1192124.9716090076,1554425.9610991688
22,5,2012-11-30,1145595.44,952889.729126814,1338301.1465937484
22,6,2012-12-07,1235162.39,1033209.9782570184,1437114.7972931643
22,7,2012-12-14,1330609.6,1119117.9215380405,1542101.279751205
22,8,2012-12-21,1597690.51,1377375.4297476148,1818005.5889503595
22,9,2012-12-28,963199.7,734270.2380290715,1192129.167081601
22,10,2013-01-04,952293.47,715119.1942820563,1189467.7496260074
22,11,2013-01-11,920452.98,675286.2589252422,1165619.6993830756
22,12,2013-01-18,948289.07,695393.1692015962,1201184.9792084242
23,1,2012-11-02,1437347.77,1224521.0718997282,1650174.4701801187
23,2,2012-11-09,1466099.97,1253272.433199778,1678927.5010937203
23,3,2012-11-16,1398941.36,1173024.557452474,1624858.169770702
23,4,2012-11-23,2019500.51,1788447.18406259,2250553.8296029023
23,5,2012-11-30,1597892.07,1359614.1378746438,1836170.011211277
23,6,2012-12-07,1837969.5,1593487.0159795498,2082451.9878687123
23,7,2012-12-14,2132092.14,1881282.0713496464,2382902.2146283328
23,8,2012-12-21,2507637.24,2250752.626076933,2764521.845011197
23,9,2012-12-28,1280279.75,1017427.0206176196,1543132.4851288036
23,10,2013-01-04,1229681.78,961005.3517305752,1498358.2069612762
23,11,2013-01-11,1130306.57,855925.8611832033,1404687.2794276215
23,12,2013-01-18,1224647.97,944680.641784584,1504615.3016033298
24,1,2012-11-02,1409149.84,1230728.8997794427,1587570.7863623193
24,2,2012-11-09,1443656.16,1264624.117981583,1622688.2051693357
24,3,2012-11-16,1321329.92,1141543.8630971685,1501115.9728731944
24,4,2012-11-23,1785602.23,1605455.0561409574,1965749.412295588
24,5,2012-11-30,1363803.34,1183242.3953511775,1544364.2864856008
24,6,2012-12-07,1556645.47,1375680.5614986592,1737610.3866583966
24,7,2012-12-14,1650643.36,1469273.959220786,1832012.76200088
24,8,2012-12-21,2201004.39,2019231.6316836176,2382777.153073377
24,9,2012-12-28,1381246.93,1199071.6625245668,1563422.1903699602
24,10,2013-01-04,1272940.14,1090363.2643308844,1455517.0120353042
24,11,2013-01-11,1181120.85,998143.2501170356,1364098.4566832213
24,12,2013-01-18,1174884.18,991506.7259548455,1358261.6397016891
25,1,2012-11-02,703731.06,622277.2029299967,785184.9250380201
25,2,2012-11-09,706898.38,616996.6562692958,796800.1039368873
25,3,2012-11-16,711162.96,612233.455462606,810092.4733013598
25,4,2012-11-23,922471.02,815364.3030190131,1029577.7346366672
25,5,2012-11-30,796063.38,681354.4724236769,910772.2840202488
25,6,2012-12-07,825621.99,703784.7747984,947459.2022791052
25,7,2012-12-14,869805.33,741234.3826642996,998376.2770895334
25,8,2012-12-21,1017828.25,882859.1069898125,1152797.3936035004
25,9,2012-12-28,675981.07,534903.6030777978,817058.5311586562
25,10,2013-01-04,646477.11,499545.0427764711,793409.1751074652
25,11,2013-01-11,642296.05,489733.889010298,794858.213006986
25,12,2013-01-18,634780.27,476788.512840535,792772.0217678705
26,1,2012-11-02,1010561.67,916418.2760364768,1104705.0699255115
26,2,2012-11-09,1090311.71,995763.6937066067,1184859.7307168932
26,3,2012-11-16,961805.48,866608.136993574,1057002.8307431191
26,4,2012-11-23,1298848.06,1203373.154679651,1394322.9589146895
26,5,2012-11-30,1029258.16,933447.6460236168,1125068.669601937
26,6,2012-12-07,1165549.33,1069416.1296846508,1261682.5349825742
26,7,2012-12-14,1221093.35,1124636.2905615985,1317550.401199493
26,8,2012-12-21,1533027.15,1436247.758652821,1629806.5445561984
26,9,2012-12-28,986923.8,889823.0609756226,1084024.5478289449
26,10,2013-01-04,987329.4,889908.3781812342,1084750.4141466771
26,11,2013-01-11,852435.31,754695.0589028923,950175.5511712352
26,12,2013-01-18,854743.0,756684.5606223212,952801.4295448842
27,1,2012-11-02,1609121.44,1346826.6790655064,1871416.2075744185
27,2,2012-11-09,1738359.82,1468358.9207713837,2008360.717250368
27,3,2012-11-16,1669861.29,1380291.2871459832,1959431.2999563057
27,4,2012-11-23,2261940.3,1956767.7325138915,2567112.8580323257
27,5,2012-11-30,1753478.35,1432946.467256722,2074010.235505664
27,6,2012-12-07,1913358.96,1578272.6242481868,2248445.296128809
27,7,2012-12-14,2054374.82,1705320.43143518,2403429.2168068523
27,8,2012-12-21,2482653.63,2120172.967516494,2845134.2837266205
27,9,2012-12-28,1570685.46,1195257.6086869424,1946113.310367588
27,10,2013-01-04,1548790.81,1160847.7786316494,1936733.839919228
27,11,2013-01-11,1519947.24,1119880.3157458128,1920014.1630623308
27,12,2013-01-18,1539170.67,1127336.6220801757,1951004.726985756
28,1,2012-11-02,1562709.9,1359677.7063610847,1765742.0856368365
28,2,2012-11-09,1428380.81,1212101.771305762,1644659.8560468487
28,3,2012-11-16,1273977.28,1055043.2833807631,1492911.2846639464
28,4,2012-11-23,1825357.78,1606261.243070995,2044454.321467548
28,5,2012-11-30,1298354.42,1079106.2947074685,1517602.5500552964
28,6,2012-12-07,1422594.2,1203339.7482055242,1641848.659320338
28,7,2012-12-14,1351432.3,1132137.594078981,1570726.9997434332
28,8,2012-12-21,1602212.7,1382894.506135541,1821530.886177522
28,9,2012-12-28,1332667.34,1113319.6502856987,1552015.0241659016
28,10,2013-01-04,1449509.89,1230135.1415354572,1668884.6308394428
28,11,2013-01-11,1181275.2,961872.461961884,1400677.9320911444
28,12,2013-01-18,1146888.74,927458.388820667,1366319.0899222826
29,1,2012-11-02,625503.07,533186.1018409308,717820.0377399209
29,2,2012-11-09,544235.38,451883.1793534006,636587.5796934939
29,3,2012-11-16,518201.52,425549.5366509428,610853.5084697446
29,4,2012-11-23,928428.81,835499.020944356,1021358.5945197728
29,5,2012-11-30,597410.52,504202.6410674546,690618.4074725362
29,6,2012-12-07,651749.45,558264.3603961061,745234.5429053529
29,7,2012-12-14,757102.1,663340.6123847248,850863.578653006
29,8,2012-12-21,1035097.46,941060.3991352712,1129134.5242319123
29,9,2012-12-28,558283.22,463971.3810431467,652595.0546787226
29,10,2013-01-04,482243.25,387657.4381906156,576829.0641068652
29,11,2013-01-11,457075.45,362216.4489825195,551934.4447730291
29,12,2013-01-18,460362.79,365231.3911060637,555494.1880179715
30,1,2012-11-02,447752.23,413434.6074950414,482069.85770749167
30,2,2012-11-09,429651.46,394039.13563670014,465263.7752810687
30,3,2012-11-16,436307.62,394721.72064365656,477893.5200462672
30,4,2012-11-23,451267.64,406814.0428086714,495721.2366876774
30,5,2012-11-30,424258.53,376113.5257841611,472403.5403791808
30,6,2012-12-07,437901.25,386793.690111533,489008.8084917748
30,7,2012-12-14,443405.57,389288.9106828745,497522.2274931774
30,8,2012-12-21,478255.27,421384.8406483862,535125.7093335512
30,9,2012-12-28,409712.22,350170.98699587,469253.44540590816
30,10,2013-01-04,450183.43,388106.7107564211,512260.1480311933
30,11,2013-01-11,449960.37,385438.2104095326,514482.52203054185
30,12,2013-01-18,440853.67,373979.8626258481,507727.4679207474
31,1,2012-11-02,1410439.91,1313759.3987884829,1507120.4152903794
31,2,2012-11-09,1428633.55,1331115.2820208594,1526151.8157886215
31,3,2012-11-16,1430507.5,1323445.66090527,1537569.347850898
31,4,2012-11-23,1872933.82,1761072.4671343665,1984795.1659288
31,5,2012-11-30,1387513.09,1269746.6927461722,1505279.491928516
31,6,2012-12-07,1532036.62,1409130.070159855,1654943.1611982684
31,7,2012-12-14,1620926.93,1492915.2441757862,1748938.622509846
31,8,2012-12-21,1981374.24,1848515.5024007831,2114232.9699563063
31,9,2012-12-28,1334226.39,1196668.8788587651,1471783.903965401
31,10,2013-01-04,1390146.73,1248053.869667789,1532239.5891796146
31,11,2013-01-11,1382238.52,1235747.7015014766,1528729.331799847
31,12,2013-01-18,1377363.47,1226604.014117282,1528122.918772368
32,1,2012-11-02,1237105.15,1144021.5036926314,1330188.8031276546
32,2,2012-11-09,1213749.68,1118755.369833382,1308743.9902736696
32,3,2012-11-16,1212506.43,1116972.661049408,1308040.1991068805
32,4,2012-11-23,1715468.57,1619503.405162183,1811433.7275329155
32,5,2012-11-30,1210041.1,1113658.1677970649,1306424.038071929
32,6,2012-12-07,1446651.11,1349853.580505211,1543448.644944423
32,7,2012-12-14,1586455.2,1489245.0040795447,1683665.4010628008
32,8,2012-12-21,1990049.97,1892428.8687433377,2087671.0709187668
32,9,2012-12-28,1134522.91,1036492.635856154,1232553.1940217302
32,10,2013-01-04,1131047.76,1032610.0062684894,1229485.51823787
32,11,2013-01-11,1102598.63,1003755.080248268,1201442.1863853966
32,12,2013-01-18,1110544.05,1011296.363472164,1209791.7454071236
33,1,2012-11-02,254251.41,230567.7026977099,277935.10975967406
33,2,2012-11-09,287542.84,263181.2990585071,311904.3797356846
33,3,2012-11-16,264286.26,239809.9520255877,288762.5770006477
33,4,2012-11-23,269844.66,245306.0636559201,294383.2595150866
33,5,2012-11-30,234780.23,210187.41913035803,259373.0426471749
33,6,2012-12-07,283847.93,259202.4255445342,308493.42482955183
33,7,2012-12-14,272858.53,248160.71104955315,297556.3463230772
33,8,2012-12-21,270705.85,245955.8676830849,295455.825252086
33,9,2012-12-28,231251.97,206449.94477503592,256053.99132492745
33,10,2013-01-04,279791.87,254937.9114313336,304645.8300924822
33,11,2013-01-11,292264.57,267358.78044967755,317170.3589619888
33,12,2013-01-18,259822.75,234865.23324633,284780.26177423535
34,1,2012-11-02,1027796.73,947957.2909075408,1107636.176481007
34,2,2012-11-09,1024640.89,944780.9720317709,1104500.8148849234
34,3,2012-11-16,981625.76,901451.246657337,1061800.266926942
34,4,2012-11-23,1377323.03,1296865.9446645165,1457780.1078807327
34,5,2012-11-30,1022910.62,942169.927346639,1103651.3134697452
34,6,2012-12-07,1117860.86,1036837.683281362,1198884.032411184
34,7,2012-12-14,1187384.4,1106079.7131578152,1268689.0809649436
34,8,2012-12-21,1627399.83,1545814.6056129113,1708985.048181055
34,9,2012-12-28,996783.13,914918.3349757404,1078647.9297061733
34,10,2013-01-04,985519.44,903376.021009069,1067662.8648459606
34,11,2013-01-11,946945.96,864524.8595735121,1029367.0687691662
34,12,2013-01-18,943906.6,861208.7460292727,1026604.4558137537
35,1,2012-11-02,767093.26,606699.0503501714,927487.4660035664
35,2,2012-11-09,907474.84,734384.8972196952,1080564.7795472527
35,3,2012-11-16,866599.53,674995.1186950793,1058203.9393117742
35,4,2012-11-23,1628618.94,1421328.1468632603,1835909.7262562297
35,5,2012-11-30,948015.14,725947.3521407384,1170082.9240254993
35,6,2012-12-07,1005164.59,769276.8971615966,1241052.2849720204
35,7,2012-12-14,1152730.52,903783.2782507956,1401677.7534283071
35,8,2012-12-21,1520332.61,1258978.5472565298,1781686.6646241732
35,9,2012-12-28,850036.38,576838.1865063189,1123234.5689140237
35,10,2013-01-04,731138.55,446588.82638108166,1015688.2661008028
35,11,2013-01-11,713127.39,417661.9301336774,1008592.8478915629
35,12,2013-01-18,732588.23,426596.1832204864,1038580.2718512784
36,1,2012-11-02,277473.77,241246.7747517957,313700.7687518945
36,2,2012-11-09,286279.82,245422.39870236407,327137.24601101363
36,3,2012-11-16,284602.99,238538.3324184529,330667.64597904927
36,4,2012-11-23,283932.22,233328.36033166063,334536.0827639787
36,5,2012-11-30,261677.57,206892.20578952465,316462.9293174005
36,6,2012-12-07,276789.72,218122.34056413145,335457.09634305094
36,7,2012-12-14,286858.42,224550.1379590626,349166.70558598626
36,8,2012-12-21,284428.67,218680.83271818268,350176.510504697
36,9,2012-12-28,259657.47,190641.27423831128,328673.66284444625
36,10,2013-01-04,277702.79,205566.17311067524,349839.4102538544
36,11,2013-01-11,282091.92,206964.3737434544,357219.46901697334
36,12,2013-01-18,280977.24,202973.3604771925,358981.1177945936
37,1,2012-11-02,566293.89,533233.2669709588,599354.5209295524
37,2,2012-11-09,511196.04,477869.97136098857,544522.1053567707
37,3,2012-11-16,537487.87,504042.9654539314,570932.7800360488
37,4,2012-11-23,532529.97,498972.1200277698,566087.8130443282
37,5,2012-11-30,537140.18,503470.0361519462,570810.3337697663
37,6,2012-12-07,547269.48,513487.4135730675,581051.544540346
37,7,2012-12-14,543866.25,509972.640146188,577759.8641965323
37,8,2012-12-21,615845.09,581840.3022167656,649849.8874819555
37,9,2012-12-28,461261.34,427145.7332884744,495376.9551087247
37,10,2013-01-04,568355.68,534129.6048229614,602581.7455800122
37,11,2013-01-11,556248.65,521912.4729910007,590584.8219924609
37,12,2013-01-18,553911.03,519465.10368959856,588356.9570581419
38,1,2012-11-02,469693.45,423785.5079334939,515601.3825314269
38,2,2012-11-09,444368.8,398454.5008746177,490283.0922497176
38,3,2012-11-16,426020.72,379415.3425409846,472626.1060912558
38,4,2012-11-23,428122.14,381085.9000367316,475158.3866039843
38,5,2012-11-30,444736.52,397231.0333199634,492241.9970645512
38,6,2012-12-07,468178.44,420216.32221413,516140.5652770716
38,7,2012-12-14,437421.42,389005.4838574319,485837.36081873626
38,8,2012-12-21,453484.3,404619.0314350884,502349.56105902174
38,9,2012-12-28,376927.25,327616.6967717785,426237.7934369311
38,10,2013-01-04,510774.05,461022.2173016164,560525.8915606748
38,11,2013-01-11,456461.75,406272.50618915673,506651.0018373624
38,12,2013-01-18,438538.07,387915.1868549345,489160.94455494784
39,1,2012-11-02,1608088.08,1453100.7310362635,1763075.4244840126
39,2,2012-11-09,1567281.28,1403475.3616054752,1731087.2043014197
39,3,2012-11-16,1608499.19,1432046.0446096342,1784952.342865849
39,4,2012-11-23,2136197.18,1948479.6056067625,2323914.754814831
39,5,2012-11-30,1673570.0,1475164.8184431505,1871975.17974654
39,6,2012-12-07,1782511.85,1573973.338348426,1991050.361102609
39,7,2012-12-14,1919857.22,1701654.6129710788,2138059.8365361206
39,8,2012-12-21,2308291.15,2080834.771208221,2535747.521953852
39,9,2012-12-28,1585435.39,1349087.2762561804,1821783.5055372347
39,10,2013-01-04,1559968.02,1315050.770581967,1804885.2699217217
39,11,2013-01-11,1507497.44,1254300.9035160923,1760693.9807312032
39,12,2013-01-18,1530074.42,1268860.8745268306,1791287.960839973
40,1,2012-11-02,1038969.4,934061.94899715,1143876.842381586
40,2,2012-11-09,1053721.93,946442.0517085076,1161001.8176395153
40,3,2012-11-16,923594.83,815407.5193576763,1031782.1322040784
40,4,2012-11-23,1246981.94,1138735.8403596184,1355228.0376865747
40,5,2012-11-30,1077051.26,968607.4189048172,1185495.1091548963
40,6,2012-12-07,1175334.77,1066741.5387773255,1283928.0000055518
40,7,2012-12-14,1214079.1,1105323.6552291322,1322834.5368285105
40,8,2012-12-21,1613501.33,1504587.6953903618,1722414.9613803455
40,9,2012-12-28,928007.2,818934.5255379137,1037079.8648963216
40,10,2013-01-04,972079.36,862848.1875018749,1081310.5229973656
40,11,2013-01-11,796239.31,686849.7832855919,905628.8309183888
40,12,2013-01-18,828545.15,718997.5201917093,938092.7720548562
41,1,2012-11-02,1423464.45,1307373.5357832497,1539555.372694922
41,2,2012-11-09,1406263.04,1290166.1122608152,1522359.964945671
41,3,2012-11-16,1333775.26,1217402.67874313,1450147.8371288758
41,4,2012-11-23,2010252.72,1893632.2448604768,2126873.187172991
41,5,2012-11-30,1396149.46,1279280.0526230657,1513018.8621022496
41,6,2012-12-07,1652571.78,1535454.0680798828,1769689.500467841
41,7,2012-12-14,1785984.51,1668619.0008882594,1903350.016501127
41,8,2012-12-21,2367247.64,2249634.8603184926,2484860.414389578
41,9,2012-12-28,1368659.63,1250800.100088179,1486519.1551172065
41,10,2013-01-04,1311819.56,1193713.7953014933,1429925.32025001
41,11,2013-01-11,1238532.15,1120180.6642547173,1356883.6345220602
41,12,2013-01-18,1219796.06,1101199.3579299154,1338392.7552839585
42,1,2012-11-02,595828.75,546333.0955030975,645324.405192495
42,2,2012-11-09,642371.28,591768.7830917373,692973.7814506664
42,3,2012-11-16,566509.22,515112.9455027935,617905.4929491434
42,4,2012-11-23,577168.44,525000.7657096296,629336.1216636644
42,5,2012-11-30,509121.46,456194.0164852196,562048.9043971901
42,6,2012-12-07,617306.28,563629.8362798662,670982.7193571272
42,7,2012-12-14,598153.98,543738.8529554053,652569.112792265
42,8,2012-12-21,573227.6,518083.679396798,628371.5273054448
42,9,2012-12-28,452560.33,396697.11765435,508423.539485732
42,10,2013-01-04,635008.7,578435.3495372785,691582.0563974879
42,11,2013-01-11,663290.65,606015.9616310179,720565.344913944
42,12,2013-01-18,578428.6,520461.05005793367,636396.1402883509
43,1,2012-11-02,625013.19,571254.8697292225,678771.5120237593
43,2,2012-11-09,607067.58,553056.6148681442,661078.5432261269
43,3,2012-11-16,613070.62,549162.1944272307,676979.0491654555
43,4,2012-11-23,643869.44,577763.5203112676,709975.3620265718
43,5,2012-11-30,583423.49,511942.2531481903,654904.7253520101
43,6,2012-12-07,609643.48,535125.0479986244,684161.9056945804
43,7,2012-12-14,637408.65,558897.8153007773,715919.4864092872
43,8,2012-12-21,653074.02,571393.0272568048,734755.0216975941
43,9,2012-12-28,538205.82,453117.8398754284,623293.8031383296
43,10,2013-01-04,639235.77,551078.2325865926,727393.3136902762
43,11,2013-01-11,636361.19,545119.2317260512,727603.1500711687
43,12,2013-01-18,610876.63,516719.67080111225,705033.5879403555
44,1,2012-11-02,336821.05,312946.2931841324,360695.8113555733
44,2,2012-11-09,347749.78,323547.38692565344,371952.1736027765
44,3,2012-11-16,345189.63,320873.82917433814,369505.4210844585
44,4,2012-11-23,346212.71,321879.75727128825,370545.6546264743
44,5,2012-11-30,319899.24,295534.80347635265,344263.6779974802
44,6,2012-12-07,339157.69,314765.4369702036,363549.9520355101
44,7,2012-12-14,345325.31,320904.46360612067,369746.1617581527
44,8,2012-12-21,411623.13,387173.9064658407,436072.35658211744
44,9,2012-12-28,299343.2,274865.5868045522,323820.80732865474
44,10,2013-01-04,358784.73,334278.7785661047,383290.6867869467
44,11,2013-01-11,347385.89,322851.6177575865,371920.154473414
44,12,2013-01-18,349963.1,325400.55086976645,374525.6521418929
45,1,2012-11-02,757876.11,644873.7980732997,870878.425704824
45,2,2012-11-09,759988.05,639788.6455204359,880187.4555419004
45,3,2012-11-16,741193.65,603022.1580779343,879365.1359900413
45,4,2012-11-23,920891.35,771082.3119542429,1070700.392508977
45,5,2012-11-30,794711.2,632671.4484211614,956750.955203954
45,6,2012-12-07,836821.9,663926.1752919822,1009717.6151207028
45,7,2012-12-14,888059.02,704767.8245266281,1071350.2068814323
45,8,2012-12-21,1095997.53,902934.9382945204,1289060.1219630055
45,9,2012-12-28,756856.01,554469.8050836335,959242.2093537792
45,10,2013-01-04,719655.09,508364.7736699011,930945.4043570488
45,11,2013-01-11,705816.8,485979.6511473062,925653.95440292
45,12,2013-01-18,709664.19,481601.39366799046,937726.9839965109
